{
  "version": "0.2",
  "language": "en",
  "words": [
    "absolutify",
    "acircular",
    "amdmodule",
    "asmjs",
    "assemblyscript",
    "asyncloader",
    "atlaskit",
    "autocrlf",
    "babeljs",
    "backport",
    "backported",
    "basictest",
    "bigint",
    "Biró",
    "bitfield",
    "bomfile",
    "booleanized",
    "boolish",
    "brotli",
    "browserified",
    "browserslist",
    "browserslistrc",
    "Brumme",
    "bugfix",
    "bugfixes",
    "builtins",
    "cacheable",
    "callme",
    "camelcase",
    "chainable",
    "chunkfilename",
    "chunkhash",
    "chunkname",
    "cmodule",
    "codecov",
    "cofounder",
    "Collet's",
    "compat",
    "concated",
    "contenthash",
    "contextifies",
    "crossorigin",
    "csvg",
    "cujojs",
    "Dani",
    "darkblue",
    "darkgreen",
    "darkred",
    "datastructures",
    "declarators",
    "dedupe",
    "deduplicating",
    "deduplication",
    "defunctzombie",
    "deopt",
    "deopts",
    "dependabot",
    "Descr",
    "deserialization",
    "destructure",
    "devtool",
    "devtools",
    "donotcallme",
    "endregion",
    "entrypoint",
    "entrypoints",
    "Eoksni",
    "eqeqeq",
    "errored",
    "esmodule",
    "estree",
    "etag",
    "etags",
    "eval",
    "Ewald",
    "exitance",
    "filebase",
    "fileoverview",
    "filepath",
    "finalizer",
    "finializer",
    "fsevents",
    "fullhash",
    "funcindex",
    "functype",
    "gcov",
    "gibibytes",
    "gitattributes",
    "gitter",
    "global's",
    "globstar",
    "gzipping",
    "hashable",
    "hashbang",
    "hashchange",
    "hashs",
    "hotpink",
    "hotupdatechunk",
    "ident",
    "idents",
    "IIFE's",
    "IIFE",
    "informations",
    "instanceof",
    "inversed",
    "jhnns",
    "jrburke",
    "jsfile",
    "jsons",
    "junit",
    "Junya",
    "kaios",
    "Kees",
    "kibibytes",
    "Kluskens",
    "Koppers",
    "laof",
    "Larkin",
    "lcov",
    "lcovonly",
    "lintunit",
    "loadername",
    "loglevel",
    "longnameforexport",
    "mangleable",
    "MCEP",
    "mebibytes",
    "medikoo",
    "membertest",
    "memfs",
    "mergeable",
    "metacharacters",
    "microtask",
    "microtasks",
    "middleware",
    "middlewares",
    "mimetype",
    "mixins",
    "modulehash",
    "moduleid",
    "modulos",
    "moji",
    "MONEI",
    "mult",
    "multiplicator",
    "mylibrary",
    "mynamespace",
    "navigations",
    "nmodule",
    "noimport",
    "nonexistentfile",
    "nonrecursive",
    "nosource",
    "nosources",
    "nwjs",
    "onconnect",
    "opencollective",
    "opensource",
    "opuuus",
    "overridable",
    "overridables",
    "parallelism",
    "passthrough",
    "pathinfo",
    "performant",
    "Phoscur",
    "pmodule",
    "pnpm",
    "polyfilled",
    "popstate",
    "posthtml",
    "precompute",
    "prefetch",
    "prefetched",
    "prefetching",
    "preload",
    "preloaded",
    "preloading",
    "preparsed",
    "prettierrc",
    "prewalking",
    "prioritise",
    "promisify",
    "quasis",
    "queryloader",
    "querystrings",
    "RBDT",
    "recurse",
    "redeclaration",
    "reexecuted",
    "referenceable",
    "referencer",
    "repo",
    "repos",
    "return'development",
    "returnfalse",
    "revparse",
    "rimraf",
    "Rivest",
    "rrrlll",
    "runtime",
    "runtimes",
    "samsunginternet",
    "sandboxed",
    "serializables",
    "serializer",
    "serializers",
    "shama",
    "skypack",
    "snapshotting",
    "sokra",
    "somepackage",
    "somepath",
    "sourcemap",
    "sourcemapped",
    "splitted",
    "stylesheet",
    "subdir",
    "subfolder",
    "submodule",
    "submodules",
    "subpath",
    "substack",
    "symlinked",
    "syncloader",
    "systemjs",
    "tapable",
    "templated",
    "templating",
    "testcase",
    "testlink",
    "testloader",
    "testvalue",
    "timestamping",
    "tmpl",
    "toplevel",
    "traceur",
    "transpile",
    "transpiled",
    "transpiles",
    "transpiling",
    "triaging",
    "Tshs",
    "typechecker",
    "typeof",
    "ufeff",
    "uncacheable",
    "undefine",
    "undelayed",
    "unexception",
    "unoptimized",
    "unreviewed",
    "unshifted",
    "unsplittable",
    "untaint",
    "unusedkey",
    "unusedvalue",
    "url's",
    "valign",
    "valtype",
    "wasi",
    "wasm",
    "watchings",
    "watchpack",
    "webassembly",
    "webassemblyjs",
    "webmake",
    "webpack's",
    "webpack",
    "Xarray",
    "Xexports",
    "Xfactory",
    "Xmodule",
    "xxhash",
    "xxhashjs",
    "Yann"
  ],
  "ignoreRegExpList": [
    "/Author.+/",
    "/data:.*/",
    "/\"mappings\":\".+\"/",
    "/toMatchInlineSnapshot\\(\\s*`[^`]*`\\s*\\)/"
  ],
  "ignorePaths": [
    "**/dist/**",
    "examples/**/README.md",
    "**/webpack.lock.data/**",
    "package.json",
    "yarn.lock",
    "types.d.ts",
    "**/**/*.snap",
    "test/cases/json/weird-properties/globals.json",
    "**/*.svg",
    "*.log",
    "**/*.wasm",
    "coverage/**",
    "test/**/module.js",
    "test/js/**",
    "test/cases/**",
    "test/configCases/**",
    "test/statsCases/**",
    "test/fixtures/**"
  ]
}
